{"cameraMode":{"drawMode":0,"name":"Shaded","section":"Shading Mode"},"sceneLighting":true,"audioPlay":false,"sceneViewState":{"m_AlwaysRefresh":false,"showFog":true,"showSkybox":true,"showFlares":true,"showImageEffects":true,"showParticleSystems":true,"showVisualEffectGraphs":true,"m_FxEnabled":true},"in2DMode":false,"pivot":{"x":-12.554525375366211,"y":5.433133125305176,"z":-93.613525390625},"rotation":{"x":-0.027927007526159288,"y":-0.0137716019526124,"z":0.0004069287097081542,"w":-0.9995753169059753},"size":20.314472198486329,"orthographic":false}